Workbook

Sheet hotel_bookings_data
A1: Booking ID | B1: Booking Date | C1: Check-in Date | D1: Check-out Date | E1: Room Type | F1: Room Type ID | G1: Seasonal Adjustment | H1: Discount | I1: Discount Percentage | J1: Booking Channel | K1: Number of Rooms Booked | L1: Guest Type | M1: Loyalty Member | N1: Booking Status | O1: Days to Check-in | P1: Length of Stay | Q1: Room Rate | R1: Discount Amount | S1: O.T.A Commission Cost | T1: Loyalty Discount Amt | U1: Room Revenue | V1: Rooms Occupied for LOS
A2: 1003742 | B2: 45643 | C2: 45658 | D2: 45665 | E2: Suite | F2: 6 | G2: M | H2: 0 | I2: =H2/100 -> 0 | J2: Online | K2: 2 | L2: Corporate | M2: FALSE | N2: Checked Out | O2: =C2-B2 -> 15 | P2: =D2-C2 -> 7 | Q2: =IF(G2="B",VLOOKUP(F2,room_rates!$A$2:$G$8,3,FALSE),IF(G2="P",VLOOKUP(F2,room_rates!$A$2:$G$8,6,FALSE),IF(G2="M",VLOOKUP(F2,room_rates!$A$2:$G$8,7,FALSE),""))) -> 385 | R2: =Q2*(H2/100) -> 0 | S2: =IF(J2="Online Travel Agency",VLOOKUP(F2,room_rates!$A$2:$G$8,3,FALSE)*15%,0) -> 0 | T2: =IF(M2=TRUE, Q2*1%,0) -> 0 | U2: =(Q2-R2-S2-T2)*V2 -> 5390 | V2: =K2*P2 -> 14
A3: 1004212 | B3: 45653 | C3: 45658 | D3: 45659 | E3: Standard | F3: 1 | G3: M | H3: 5 | I3: =H3/100 -> 0.05 | J3: Online Travel Agency | K3: 1 | L3: Leisure | M3: FALSE | N3: Checked Out | O3: =C3-B3 -> 5 | P3: =D3-C3 -> 1 | Q3: =IF(G3="B",VLOOKUP(F3,room_rates!$A$2:$G$8,3,FALSE),IF(G3="P",VLOOKUP(F3,room_rates!$A$2:$G$8,6,FALSE),IF(G3="M",VLOOKUP(F3,room_rates!$A$2:$G$8,7,FALSE),""))) -> 132 | R3: =Q3*(H3/100) -> 6.6 | S3: =IF(J3="Online Travel Agency",VLOOKUP(F3,room_rates!$A$2:$G$8,3,FALSE)*15%,0) -> 18 | T3: =IF(M3=TRUE, Q3*1%,0) -> 0 | U3: =(Q3-R3-S3-T3)*V3 -> 107.4 | V3: =K3*P3 -> 1
A4: 1004256 | B4: 45658 | C4: 45658 | D4: 45664 | E4: Standard | F4: 2 | G4: M | H4: 5 | I4: =H4/100 -> 0.05 | J4: Direct | K4: 3 | L4: Corporate | M4: FALSE | N4: Checked Out | O4: =C4-B4 -> 0 | P4: =D4-C4 -> 6 | Q4: =IF(G4="B",VLOOKUP(F4,room_rates!$A$2:$G$8,3,FALSE),IF(G4="P",VLOOKUP(F4,room_rates!$A$2:$G$8,6,FALSE),IF(G4="M",VLOOKUP(F4,room_rates!$A$2:$G$8,7,FALSE),""))) -> 154 | R4: =Q4*(H4/100) -> 7.7 | S4: =IF(J4="Online Travel Agency",VLOOKUP(F4,room_rates!$A$2:$G$8,3,FALSE)*15%,0) -> 0 | T4: =IF(M4=TRUE, Q4*1%,0) -> 0 | U4: =(Q4-R4-S4-T4)*V4 -> 2633.4 | V4: =K4*P4 -> 18
A5: 1004284 | B5: 45658 | C5: 45658 | D5: 45659 | E5: Deluxe | F5: 5 | G5: M | H5: 0 | I5: =H5/100 -> 0 | J5: Direct | K5: 2 | L5: Corporate | M5: TRUE | N5: Checked Out | O5: =C5-B5 -> 0 | P5: =D5-C5 -> 1 | Q5: =IF(G5="B",VLOOKUP(F5,room_rates!$A$2:$G$8,3,FALSE),IF(G5="P",VLOOKUP(F5,room_rates!$A$2:$G$8,6,FALSE),IF(G5="M",VLOOKUP(F5,room_rates!$A$2:$G$8,7,FALSE),""))) -> 264 | R5: =Q5*(H5/100) -> 0 | S5: =IF(J5="Online Travel Agency",VLOOKUP(F5,room_rates!$A$2:$G$8,3,FALSE)*15%,0) -> 0 | T5: =IF(M5=TRUE, Q5*1%,0) -> 2.64 | U5: =(Q5-R5-S5-T5)*V5 -> 522.72 | V5: =K5*P5 -> 2
A6: 1004497 | B6: 45647 | C6: 45658 | D6: 45659 | E6: Deluxe | F6: 3 | G6: M | H6: 0 | I6: =H6/100 -> 0 | J6: Online Travel Agency | K6: 3 | L6: Leisure | M6: TRUE | N6: Checked Out | O6: =C6-B6 -> 11 | P6: =D6-C6 -> 1 | Q6: =IF(G6="B",VLOOKUP(F6,room_rates!$A$2:$G$8,3,FALSE),IF(G6="P",VLOOKUP(F6,room_rates!$A$2:$G$8,6,FALSE),IF(G6="M",VLOOKUP(F6,room_rates!$A$2:$G$8,7,FALSE),""))) -> 242 | R6: =Q6*(H6/100) -> 0 | S6: =IF(J6="Online Travel Agency",VLOOKUP(F6,room_rates!$A$2:$G$8,3,FALSE)*15%,0) -> 33 | T6: =IF(M6=TRUE, Q6*1%,0) -> 2.42 | U6: =(Q6-R6-S6-T6)*V6 -> 619.74 | V6: =K6*P6 -> 3
A7: 1004498 | B7: 45650 | C7: 45658 | D7: 45664 | E7: Standard | F7: 1 | G7: M | H7: 5 | I7: =H7/100 -> 0.05 | J7: Online Travel Agency | K7: 1 | L7: Leisure | M7: FALSE | N7: Checked Out | O7: =C7-B7 -> 8 | P7: =D7-C7 -> 6 | Q7: =IF(G7="B",VLOOKUP(F7,room_rates!$A$2:$G$8,3,FALSE),IF(G7="P",VLOOKUP(F7,room_rates!$A$2:$G$8,6,FALSE),IF(G7="M",VLOOKUP(F7,room_rates!$A$2:$G$8,7,FALSE),""))) -> 132 | R7: =Q7*(H7/100) -> 6.6 | S7: =IF(J7="Online Travel Agency",VLOOKUP(F7,room_rates!$A$2:$G$8,3,FALSE)*15%,0) -> 18 | T7: =IF(M7=TRUE, Q7*1%,0) -> 0 | U7: =(Q7-R7-S7-T7)*V7 -> 644.4 | V7: =K7*P7 -> 6
A8: 1004836 | B8: 45658 | C8: 45658 | D8: 45663 | E8: Standard | F8: 2 | G8: M | H8: 5 | I8: =H8/100 -> 0.05 | J8: Direct | K8: 3 | L8: Corporate | M8: FALSE | N8: Checked Out | O8: =C8-B8 -> 0 | P8: =D8-C8 -> 5 | Q8: =IF(G8="B",VLOOKUP(F8,room_rates!$A$2:$G$8,3,FALSE),IF(G8="P",VLOOKUP(F8,room_rates!$A$2:$G$8,6,FALSE),IF(G8="M",VLOOKUP(F8,room_rates!$A$2:$G$8,7,FALSE),""))) -> 154 | R8: =Q8*(H8/100) -> 7.7 | S8: =IF(J8="Online Travel Agency",VLOOKUP(F8,room_rates!$A$2:$G$8,3,FALSE)*15%,0) -> 0 | T8: =IF(M8=TRUE, Q8*1%,0) -> 0 | U8: =(Q8-R8-S8-T8)*V8 -> 2194.5 | V8: =K8*P8 -> 15
A9: 1005224 | B9: 45631 | C9: 45658 | D9: 45660 | E9: Standard | F9: 1 | G9: M | H9: 5 | I9: =H9/100 -> 0.05 | J9: Online | K9: 1 | L9: Leisure | M9: FALSE | N9: Checked Out | O9: =C9-B9 -> 27 | P9: =D9-C9 -> 2 | Q9: =IF(G9="B",VLOOKUP(F9,room_rates!$A$2:$G$8,3,FALSE),IF(G9="P",VLOOKUP(F9,room_rates!$A$2:$G$8,6,FALSE),IF(G9="M",VLOOKUP(F9,room_rates!$A$2:$G$8,7,FALSE),""))) -> 132 | R9: =Q9*(H9/100) -> 6.6 | S9: =IF(J9="Online Travel Agency",VLOOKUP(F9,room_rates!$A$2:$G$8,3,FALSE)*15%,0) -> 0 | T9: =IF(M9=TRUE, Q9*1%,0) -> 0 | U9: =(Q9-R9-S9-T9)*V9 -> 250.8 | V9: =K9*P9 -> 2
A10: 1005469 | B10: 45658 | C10: 45658 | D10: 45663 | E10: Standard | F10: 1 | G10: M | H10: 5 | I10: =H10/100 -> 0.05 | J10: Direct | K10: 2 | L10: Leisure | M10: FALSE | N10: Checked Out | O10: =C10-B10 -> 0 | P10: =D10-C10 -> 5 | Q10: =IF(G10="B",VLOOKUP(F10,room_rates!$A$2:$G$8,3,FALSE),IF(G10="P",VLOOKUP(F10,room_rates!$A$2:$G$8,6,FALSE),IF(G10="M",VLOOKUP(F10,room_rates!$A$2:$G$8,7,FALSE),""))) -> 132 | R10: =Q10*(H10/100) -> 6.6 | S10: =IF(J10="Online Travel Agency",VLOOKUP(F10,room_rates!$A$2:$G$8,3,FALSE)*15%,0) -> 0 | T10: =IF(M10=TRUE, Q10*1%,0) -> 0 | U10: =(Q10-R10-S10-T10)*V10 -> 1254 | V10: =K10*P10 -> 10
A11: 1005491 | B11: 45640 | C11: 45658 | D11: 45660 | E11: Deluxe | F11: 3 | G11: M | H11: 0 | I11: =H11/100 -> 0 | J11: Online Travel Agency | K11: 3 | L11: Corporate | M11: FALSE | N11: Checked Out | O11: =C11-B11 -> 18 | P11: =D11-C11 -> 2 | Q11: =IF(G11="B",VLOOKUP(F11,room_rates!$A$2:$G$8,3,FALSE),IF(G11="P",VLOOKUP(F11,room_rates!$A$2:$G$8,6,FALSE),IF(G11="M",VLOOKUP(F11,room_rates!$A$2:$G$8,7,FALSE),""))) -> 242 | R11: =Q11*(H11/100) -> 0 | S11: =IF(J11="Online Travel Agency",VLOOKUP(F11,room_rates!$A$2:$G$8,3,FALSE)*15%,0) -> 33 | T11: =IF(M11=TRUE, Q11*1%,0) -> 0 | U11: =(Q11-R11-S11-T11)*V11 -> 1254 | V11: =K11*P11 -> 6
A12: 1005546 | B12: 45644 | C12: 45658 | D12: 45663 | E12: Deluxe | F12: 3 | G12: M | H12: 0 | I12: =H12/100 -> 0 | J12: Online | K12: 1 | L12: Corporate | M12: FALSE | N12: Checked Out | O12: =C12-B12 -> 14 | P12: =D12-C12 -> 5 | Q12: =IF(G12="B",VLOOKUP(F12,room_rates!$A$2:$G$8,3,FALSE),IF(G12="P",VLOOKUP(F12,room_rates!$A$2:$G$8,6,FALSE),IF(G12="M",VLOOKUP(F12,room_rates!$A$2:$G$8,7,FALSE),""))) -> 242 | R12: =Q12*(H12/100) -> 0 | S12: =IF(J12="Online Travel Agency",VLOOKUP(F12,room_rates!$A$2:$G$8,3,FALSE)*15%,0) -> 0 | T12: =IF(M12=TRUE, Q12*1%,0) -> 0 | U12: =(Q12-R12-S12-T12)*V12 -> 1210 | V12: =K12*P12 -> 5
A13: 1005586 | B13: 45641 | C13: 45658 | D13: 45665 | E13: Standard | F13: 1 | G13: M | H13: 5 | I13: =H13/100 -> 0.05 | J13: Online Travel Agency | K13: 1 | L13: Corporate | M13: TRUE | N13: Checked Out | O13: =C13-B13 -> 17 | P13: =D13-C13 -> 7 | Q13: =IF(G13="B",VLOOKUP(F13,room_rates!$A$2:$G$8,3,FALSE),IF(G13="P",VLOOKUP(F13,room_rates!$A$2:$G$8,6,FALSE),IF(G13="M",VLOOKUP(F13,room_rates!$A$2:$G$8,7,FALSE),""))) -> 132 | R13: =Q13*(H13/100) -> 6.6 | S13: =IF(J13="Online Travel Agency",VLOOKUP(F13,room_rates!$A$2:$G$8,3,FALSE)*15%,0) -> 18 | T13: =IF(M13=TRUE, Q13*1%,0) -> 1.32 | U13: =(Q13-R13-S13-T13)*V13 -> 742.56 | V13: =K13*P13 -> 7
... A526: 1006810 | B526: 45688 | C526: 45688 | D526: 45691 | E526: Deluxe | F526: 3 | G526: M | H526: 0 | I526: =H526/100 -> 0 | J526: Direct | K526: 1 | L526: Corporate | M526: FALSE | N526: Checked Out | O526: =C526-B526 -> 0 | P526: =D526-C526 -> 3 | Q526: =IF(G526="B",VLOOKUP(F526,room_rates!$A$2:$G$8,3,FALSE),IF(G526="P",VLOOKUP(F526,room_rates!$A$2:$G$8,6,FALSE),IF(G526="M",VLOOKUP(F526,room_rates!$A$2:$G$8,7,FALSE),""))) -> 242 | R526: =Q526*(H526/100) -> 0 | S526: =IF(J526="Online Travel Agency",VLOOKUP(F526,room_rates!$A$2:$G$8,3,FALSE)*15%,0) -> 0 | T526: =IF(M526=TRUE, Q526*1%,0) -> 0 | U526: =(Q526-R526-S526-T526)*V526 -> 726 | V526: =K526*P526 -> 3
A527: 1007081 | B527: 45688 | C527: 45688 | E527: Standard | F527: 2 | H527: 0 | J527: Online | K527: 1 | L527: Leisure | N527: Cancelled
A528: 1005633 | B528: 45678 | C528: 45689 | D528: 45691 | E528: Deluxe | F528: 3 | G528: B | H528: 0 | I528: =H528/100 -> 0 | J528: Online Travel Agency | K528: 2 | L528: Corporate | M528: FALSE | N528: Checked Out | O528: =C528-B528 -> 11 | P528: =D528-C528 -> 2 | Q528: =IF(G528="B",VLOOKUP(F528,room_rates!$A$2:$G$8,3,FALSE),IF(G528="P",VLOOKUP(F528,room_rates!$A$2:$G$8,6,FALSE),IF(G528="M",VLOOKUP(F528,room_rates!$A$2:$G$8,7,FALSE),""))) -> 220 | R528: =Q528*(H528/100) -> 0 | S528: =IF(J528="Online Travel Agency",VLOOKUP(F528,room_rates!$A$2:$G$8,3,FALSE)*15%,0) -> 33 | T528: =IF(M528=TRUE, Q528*1%,0) -> 0 | U528: =(Q528-R528-S528-T528)*V528 -> 748 | V528: =K528*P528 -> 4
A529: 1005702 | B529: 45669 | C529: 45689 | D529: 45691 | E529: Standard | F529: 2 | G529: B | H529: 0 | I529: =H529/100 -> 0 | J529: Online | K529: 2 | L529: Corporate | M529: FALSE | N529: Checked Out | O529: =C529-B529 -> 20 | P529: =D529-C529 -> 2 | Q529: =IF(G529="B",VLOOKUP(F529,room_rates!$A$2:$G$8,3,FALSE),IF(G529="P",VLOOKUP(F529,room_rates!$A$2:$G$8,6,FALSE),IF(G529="M",VLOOKUP(F529,room_rates!$A$2:$G$8,7,FALSE),""))) -> 140 | R529: =Q529*(H529/100) -> 0 | S529: =IF(J529="Online Travel Agency",VLOOKUP(F529,room_rates!$A$2:$G$8,3,FALSE)*15%,0) -> 0 | T529: =IF(M529=TRUE, Q529*1%,0) -> 0 | U529: =(Q529-R529-S529-T529)*V529 -> 560 | V529: =K529*P529 -> 4
A530: 1006283 | B530: 45675 | C530: 45689 | D530: 45690 | E530: Deluxe | F530: 3 | G530: B | H530: 0 | I530: =H530/100 -> 0 | J530: Online | K530: 3 | L530: Corporate | M530: FALSE | N530: Checked Out | O530: =C530-B530 -> 14 | P530: =D530-C530 -> 1 | Q530: =IF(G530="B",VLOOKUP(F530,room_rates!$A$2:$G$8,3,FALSE),IF(G530="P",VLOOKUP(F530,room_rates!$A$2:$G$8,6,FALSE),IF(G530="M",VLOOKUP(F530,room_rates!$A$2:$G$8,7,FALSE),""))) -> 220 | R530: =Q530*(H530/100) -> 0 | S530: =IF(J530="Online Travel Agency",VLOOKUP(F530,room_rates!$A$2:$G$8,3,FALSE)*15%,0) -> 0 | T530: =IF(M530=TRUE, Q530*1%,0) -> 0 | U530: =(Q530-R530-S530-T530)*V530 -> 660 | V530: =K530*P530 -> 3
A531: 1006430 | B531: 45689 | C531: 45689 | D531: 45691 | E531: Standard | F531: 1 | G531: B | H531: 0 | I531: =H531/100 -> 0 | J531: Direct | K531: 2 | L531: Corporate | M531: FALSE | N531: Checked Out | O531: =C531-B531 -> 0 | P531: =D531-C531 -> 2 | Q531: =IF(G531="B",VLOOKUP(F531,room_rates!$A$2:$G$8,3,FALSE),IF(G531="P",VLOOKUP(F531,room_rates!$A$2:$G$8,6,FALSE),IF(G531="M",VLOOKUP(F531,room_rates!$A$2:$G$8,7,FALSE),""))) -> 120 | R531: =Q531*(H531/100) -> 0 | S531: =IF(J531="Online Travel Agency",VLOOKUP(F531,room_rates!$A$2:$G$8,3,FALSE)*15%,0) -> 0 | T531: =IF(M531=TRUE, Q531*1%,0) -> 0 | U531: =(Q531-R531-S531-T531)*V531 -> 480 | V531: =K531*P531 -> 4
A532: 1006448 | B532: 45659 | C532: 45689 | D532: 45691 | E532: Standard | F532: 1 | G532: B | H532: 0 | I532: =H532/100 -> 0 | J532: Online | K532: 1 | L532: Leisure | M532: FALSE | N532: Checked Out | O532: =C532-B532 -> 30 | P532: =D532-C532 -> 2 | Q532: =IF(G532="B",VLOOKUP(F532,room_rates!$A$2:$G$8,3,FALSE),IF(G532="P",VLOOKUP(F532,room_rates!$A$2:$G$8,6,FALSE),IF(G532="M",VLOOKUP(F532,room_rates!$A$2:$G$8,7,FALSE),""))) -> 120 | R532: =Q532*(H532/100) -> 0 | S532: =IF(J532="Online Travel Agency",VLOOKUP(F532,room_rates!$A$2:$G$8,3,FALSE)*15%,0) -> 0 | T532: =IF(M532=TRUE, Q532*1%,0) -> 0 | U532: =(Q532-R532-S532-T532)*V532 -> 240 | V532: =K532*P532 -> 2
A533: 1006631 | B533: 45671 | C533: 45689 | D533: 45690 | E533: Standard | F533: 1 | G533: B | H533: 0 | I533: =H533/100 -> 0 | J533: Online Travel Agency | K533: 2 | L533: Leisure | M533: FALSE | N533: Checked Out | O533: =C533-B533 -> 18 | P533: =D533-C533 -> 1 | Q533: =IF(G533="B",VLOOKUP(F533,room_rates!$A$2:$G$8,3,FALSE),IF(G533="P",VLOOKUP(F533,room_rates!$A$2:$G$8,6,FALSE),IF(G533="M",VLOOKUP(F533,room_rates!$A$2:$G$8,7,FALSE),""))) -> 120 | R533: =Q533*(H533/100) -> 0 | S533: =IF(J533="Online Travel Agency",VLOOKUP(F533,room_rates!$A$2:$G$8,3,FALSE)*15%,0) -> 18 | T533: =IF(M533=TRUE, Q533*1%,0) -> 0 | U533: =(Q533-R533-S533-T533)*V533 -> 204 | V533: =K533*P533 -> 2
A534: 1006904 | B534: 45671 | C534: 45689 | E534: Deluxe | F534: 3 | H534: 0 | J534: Online | K534: 1 | L534: Leisure | N534: Cancelled
A535: 1006050 | B535: 45690 | C535: 45690 | D535: 45692 | E535: Deluxe | F535: 3 | G535: B | H535: 0 | I535: =H535/100 -> 0 | J535: Direct | K535: 3 | L535: Corporate | M535: FALSE | N535: Checked Out | O535: =C535-B535 -> 0 | P535: =D535-C535 -> 2 | Q535: =IF(G535="B",VLOOKUP(F535,room_rates!$A$2:$G$8,3,FALSE),IF(G535="P",VLOOKUP(F535,room_rates!$A$2:$G$8,6,FALSE),IF(G535="M",VLOOKUP(F535,room_rates!$A$2:$G$8,7,FALSE),""))) -> 220 | R535: =Q535*(H535/100) -> 0 | S535: =IF(J535="Online Travel Agency",VLOOKUP(F535,room_rates!$A$2:$G$8,3,FALSE)*15%,0) -> 0 | T535: =IF(M535=TRUE, Q535*1%,0) -> 0 | U535: =(Q535-R535-S535-T535)*V535 -> 1320 | V535: =K535*P535 -> 6
A536: 1006203 | B536: 45690 | C536: 45690 | D536: 45692 | E536: Deluxe | F536: 3 | G536: B | H536: 0 | I536: =H536/100 -> 0 | J536: Direct | K536: 3 | L536: Corporate | M536: FALSE | N536: Checked Out | O536: =C536-B536 -> 0 | P536: =D536-C536 -> 2 | Q536: =IF(G536="B",VLOOKUP(F536,room_rates!$A$2:$G$8,3,FALSE),IF(G536="P",VLOOKUP(F536,room_rates!$A$2:$G$8,6,FALSE),IF(G536="M",VLOOKUP(F536,room_rates!$A$2:$G$8,7,FALSE),""))) -> 220 | R536: =Q536*(H536/100) -> 0 | S536: =IF(J536="Online Travel Agency",VLOOKUP(F536,room_rates!$A$2:$G$8,3,FALSE)*15%,0) -> 0 | T536: =IF(M536=TRUE, Q536*1%,0) -> 0 | U536: =(Q536-R536-S536-T536)*V536 -> 1320 | V536: =K536*P536 -> 6
A537: 1006417 | B537: 45670 | C537: 45690 | D537: 45691 | E537: Standard | F537: 1 | G537: B | H537: 0 | I537: =H537/100 -> 0 | J537: Online Travel Agency | K537: 2 | L537: Leisure | M537: FALSE | N537: Checked Out | O537: =C537-B537 -> 20 | P537: =D537-C537 -> 1 | Q537: =IF(G537="B",VLOOKUP(F537,room_rates!$A$2:$G$8,3,FALSE),IF(G537="P",VLOOKUP(F537,room_rates!$A$2:$G$8,6,FALSE),IF(G537="M",VLOOKUP(F537,room_rates!$A$2:$G$8,7,FALSE),""))) -> 120 | R537: =Q537*(H537/100) -> 0 | S537: =IF(J537="Online Travel Agency",VLOOKUP(F537,room_rates!$A$2:$G$8,3,FALSE)*15%,0) -> 18 | T537: =IF(M537=TRUE, Q537*1%,0) -> 0 | U537: =(Q537-R537-S537-T537)*V537 -> 204 | V537: =K537*P537 -> 2
A538: 1005889 | B538: 45659 | C538: 45691 | D538: 45694 | E538: Deluxe | F538: 5 | G538: B | H538: 0 | I538: =H538/100 -> 0 | J538: Online | K538: 3 | L538: Corporate | M538: FALSE | N538: Checked Out | O538: =C538-B538 -> 32 | P538: =D538-C538 -> 3 | Q538: =IF(G538="B",VLOOKUP(F538,room_rates!$A$2:$G$8,3,FALSE),IF(G538="P",VLOOKUP(F538,room_rates!$A$2:$G$8,6,FALSE),IF(G538="M",VLOOKUP(F538,room_rates!$A$2:$G$8,7,FALSE),""))) -> 240 | R538: =Q538*(H538/100) -> 0 | S538: =IF(J538="Online Travel Agency",VLOOKUP(F538,room_rates!$A$2:$G$8,3,FALSE)*15%,0) -> 0 | T538: =IF(M538=TRUE, Q538*1%,0) -> 0 | U538: =(Q538-R538-S538-T538)*V538 -> 2160 | V538: =K538*P538 -> 9
A539: 1006245 | B539: 45669 | C539: 45691 | D539: 45693 | E539: Standard | F539: 1 | G539: B | H539: 0 | I539: =H539/100 -> 0 | J539: Online | K539: 2 | L539: Leisure | M539: FALSE | N539: Checked Out | O539: =C539-B539 -> 22 | P539: =D539-C539 -> 2 | Q539: =IF(G539="B",VLOOKUP(F539,room_rates!$A$2:$G$8,3,FALSE),IF(G539="P",VLOOKUP(F539,room_rates!$A$2:$G$8,6,FALSE),IF(G539="M",VLOOKUP(F539,room_rates!$A$2:$G$8,7,FALSE),""))) -> 120 | R539: =Q539*(H539/100) -> 0 | S539: =IF(J539="Online Travel Agency",VLOOKUP(F539,room_rates!$A$2:$G$8,3,FALSE)*15%,0) -> 0 | T539: =IF(M539=TRUE, Q539*1%,0) -> 0 | U539: =(Q539-R539-S539-T539)*V539 -> 480 | V539: =K539*P539 -> 4
A540: 1006787 | B540: 45689 | C540: 45691 | D540: 45694 | E540: Deluxe | F540: 3 | G540: B | H540: 0 | I540: =H540/100 -> 0 | J540: Online | K540: 2 | L540: Leisure | M540: FALSE | N540: Checked Out | O540: =C540-B540 -> 2 | P540: =D540-C540 -> 3 | Q540: =IF(G540="B",VLOOKUP(F540,room_rates!$A$2:$G$8,3,FALSE),IF(G540="P",VLOOKUP(F540,room_rates!$A$2:$G$8,6,FALSE),IF(G540="M",VLOOKUP(F540,room_rates!$A$2:$G$8,7,FALSE),""))) -> 220 | R540: =Q540*(H540/100) -> 0 | S540: =IF(J540="Online Travel Agency",VLOOKUP(F540,room_rates!$A$2:$G$8,3,FALSE)*15%,0) -> 0 | T540: =IF(M540=TRUE, Q540*1%,0) -> 0 | U540: =(Q540-R540-S540-T540)*V540 -> 1320 | V540: =K540*P540 -> 6
A541: 1007058 | B541: 45689 | C541: 45691 | E541: Standard | F541: 1 | H541: 0 | J541: Online | K541: 2 | L541: Corporate | N541: Cancelled
A542: 1003016 | B542: 45679 | C542: 45692 | D542: 45698 | E542: Suite | F542: 7 | G542: B | H542: 0 | I542: =H542/100 -> 0 | J542: Online | K542: 1 | L542: Leisure | M542: FALSE | N542: Checked Out | O542: =C542-B542 -> 13 | P542: =D542-C542 -> 6 | Q542: =IF(G542="B",VLOOKUP(F542,room_rates!$A$2:$G$8,3,FALSE),IF(G542="P",VLOOKUP(F542,room_rates!$A$2:$G$8,6,FALSE),IF(G542="M",VLOOKUP(F542,room_rates!$A$2:$G$8,7,FALSE),""))) -> 450 | R542: =Q542*(H542/100) -> 0 | S542: =IF(J542="Online Travel Agency",VLOOKUP(F542,room_rates!$A$2:$G$8,3,FALSE)*15%,0) -> 0 | T542: =IF(M542=TRUE, Q542*1%,0) -> 0 | U542: =(Q542-R542-S542-T542)*V542 -> 2700 | V542: =K542*P542 -> 6
A543: 1005737 | B543: 45676 | C543: 45692 | D543: 45693 | E543: Standard | F543: 1 | G543: B | H543: 0 | I543: =H543/100 -> 0 | J543: Online Travel Agency | K543: 2 | L543: Leisure | M543: FALSE | N543: Checked Out | O543: =C543-B543 -> 16 | P543: =D543-C543 -> 1 | Q543: =IF(G543="B",VLOOKUP(F543,room_rates!$A$2:$G$8,3,FALSE),IF(G543="P",VLOOKUP(F543,room_rates!$A$2:$G$8,6,FALSE),IF(G543="M",VLOOKUP(F543,room_rates!$A$2:$G$8,7,FALSE),""))) -> 120 | R543: =Q543*(H543/100) -> 0 | S543: =IF(J543="Online Travel Agency",VLOOKUP(F543,room_rates!$A$2:$G$8,3,FALSE)*15%,0) -> 18 | T543: =IF(M543=TRUE, Q543*1%,0) -> 0 | U543: =(Q543-R543-S543-T543)*V543 -> 204 | V543: =K543*P543 -> 2
A544: 1005826 | B544: 45692 | C544: 45692 | D544: 45694 | E544: Deluxe | F544: 3 | G544: B | H544: 0 | I544: =H544/100 -> 0 | J544: Direct | K544: 1 | L544: Leisure | M544: TRUE | N544: Checked Out | O544: =C544-B544 -> 0 | P544: =D544-C544 -> 2 | Q544: =IF(G544="B",VLOOKUP(F544,room_rates!$A$2:$G$8,3,FALSE),IF(G544="P",VLOOKUP(F544,room_rates!$A$2:$G$8,6,FALSE),IF(G544="M",VLOOKUP(F544,room_rates!$A$2:$G$8,7,FALSE),""))) -> 220 | R544: =Q544*(H544/100) -> 0 | S544: =IF(J544="Online Travel Agency",VLOOKUP(F544,room_rates!$A$2:$G$8,3,FALSE)*15%,0) -> 0 | T544: =IF(M544=TRUE, Q544*1%,0) -> 2.2 | U544: =(Q544-R544-S544-T544)*V544 -> 435.6 | V544: =K544*P544 -> 2
A545: 1006103 | B545: 45690 | C545: 45692 | D545: 45694 | E545: Standard | F545: 1 | G545: B | H545: 0 | I545: =H545/100 -> 0 | J545: Online | K545: 2 | L545: Leisure | M545: FALSE | N545: Checked Out | O545: =C545-B545 -> 2 | P545: =D545-C545 -> 2 | Q545: =IF(G545="B",VLOOKUP(F545,room_rates!$A$2:$G$8,3,FALSE),IF(G545="P",VLOOKUP(F545,room_rates!$A$2:$G$8,6,FALSE),IF(G545="M",VLOOKUP(F545,room_rates!$A$2:$G$8,7,FALSE),""))) -> 120 | R545: =Q545*(H545/100) -> 0 | S545: =IF(J545="Online Travel Agency",VLOOKUP(F545,room_rates!$A$2:$G$8,3,FALSE)*15%,0) -> 0 | T545: =IF(M545=TRUE, Q545*1%,0) -> 0 | U545: =(Q545-R545-S545-T545)*V545 -> 480 | V545: =K545*P545 -> 4
A546: 1006155 | B546: 45667 | C546: 45692 | D546: 45693 | E546: Deluxe | F546: 3 | G546: B | H546: 0 | I546: =H546/100 -> 0 | J546: Online | K546: 1 | L546: Corporate | M546: FALSE | N546: Checked Out | O546: =C546-B546 -> 25 | P546: =D546-C546 -> 1 | Q546: =IF(G546="B",VLOOKUP(F546,room_rates!$A$2:$G$8,3,FALSE),IF(G546="P",VLOOKUP(F546,room_rates!$A$2:$G$8,6,FALSE),IF(G546="M",VLOOKUP(F546,room_rates!$A$2:$G$8,7,FALSE),""))) -> 220 | R546: =Q546*(H546/100) -> 0 | S546: =IF(J546="Online Travel Agency",VLOOKUP(F546,room_rates!$A$2:$G$8,3,FALSE)*15%,0) -> 0 | T546: =IF(M546=TRUE, Q546*1%,0) -> 0 | U546: =(Q546-R546-S546-T546)*V546 -> 220 | V546: =K546*P546 -> 1
A547: 1006761 | B547: 45684 | C547: 45692 | D547: 45694 | E547: Deluxe | F547: 3 | G547: B | H547: 0 | I547: =H547/100 -> 0 | J547: Online | K547: 1 | L547: Leisure | M547: FALSE | N547: Checked Out | O547: =C547-B547 -> 8 | P547: =D547-C547 -> 2 | Q547: =IF(G547="B",VLOOKUP(F547,room_rates!$A$2:$G$8,3,FALSE),IF(G547="P",VLOOKUP(F547,room_rates!$A$2:$G$8,6,FALSE),IF(G547="M",VLOOKUP(F547,room_rates!$A$2:$G$8,7,FALSE),""))) -> 220 | R547: =Q547*(H547/100) -> 0 | S547: =IF(J547="Online Travel Agency",VLOOKUP(F547,room_rates!$A$2:$G$8,3,FALSE)*15%,0) -> 0 | T547: =IF(M547=TRUE, Q547*1%,0) -> 0 | U547: =(Q547-R547-S547-T547)*V547 -> 440 | V547: =K547*P547 -> 2
A548: 1007032 | B548: 45684 | C548: 45692 | E548: Deluxe | F548: 3 | H548: 0 | J548: Online | K548: 2 | L548: Leisure | N548: Cancelled
A549: 1002302 | B549: 45683 | C549: 45693 | D549: 45696 | E549: Standard | F549: 2 | G549: B | H549: 0 | I549: =H549/100 -> 0 | J549: Online Travel Agency | K549: 2 | L549: Corporate | M549: FALSE | N549: Checked Out | O549: =C549-B549 -> 10 | P549: =D549-C549 -> 3 | Q549: =IF(G549="B",VLOOKUP(F549,room_rates!$A$2:$G$8,3,FALSE),IF(G549="P",VLOOKUP(F549,room_rates!$A$2:$G$8,6,FALSE),IF(G549="M",VLOOKUP(F549,room_rates!$A$2:$G$8,7,FALSE),""))) -> 140 | R549: =Q549*(H549/100) -> 0 | S549: =IF(J549="Online Travel Agency",VLOOKUP(F549,room_rates!$A$2:$G$8,3,FALSE)*15%,0) -> 21 | T549: =IF(M549=TRUE, Q549*1%,0) -> 0 | U549: =(Q549-R549-S549-T549)*V549 -> 714 | V549: =K549*P549 -> 6
A550: 1002355 | B550: 45674 | C550: 45693 | D550: 45696 | E550: Standard | F550: 2 | G550: B | H550: 0 | I550: =H550/100 -> 0 | J550: Online | K550: 3 | L550: Corporate | M550: FALSE | N550: Checked Out | O550: =C550-B550 -> 19 | P550: =D550-C550 -> 3 | Q550: =IF(G550="B",VLOOKUP(F550,room_rates!$A$2:$G$8,3,FALSE),IF(G550="P",VLOOKUP(F550,room_rates!$A$2:$G$8,6,FALSE),IF(G550="M",VLOOKUP(F550,room_rates!$A$2:$G$8,7,FALSE),""))) -> 140 | R550: =Q550*(H550/100) -> 0 | S550: =IF(J550="Online Travel Agency",VLOOKUP(F550,room_rates!$A$2:$G$8,3,FALSE)*15%,0) -> 0 | T550: =IF(M550=TRUE, Q550*1%,0) -> 0 | U550: =(Q550-R550-S550-T550)*V550 -> 1260 | V550: =K550*P550 -> 9
A551: 1002653 | B551: 45675 | C551: 45693 | D551: 45698 | E551: Standard | F551: 1 | G551: B | H551: 0 | I551: =H551/100 -> 0 | J551: Online | K551: 2 | L551: Leisure | M551: FALSE | N551: Checked Out | O551: =C551-B551 -> 18 | P551: =D551-C551 -> 5 | Q551: =IF(G551="B",VLOOKUP(F551,room_rates!$A$2:$G$8,3,FALSE),IF(G551="P",VLOOKUP(F551,room_rates!$A$2:$G$8,6,FALSE),IF(G551="M",VLOOKUP(F551,room_rates!$A$2:$G$8,7,FALSE),""))) -> 120 | R551: =Q551*(H551/100) -> 0 | S551: =IF(J551="Online Travel Agency",VLOOKUP(F551,room_rates!$A$2:$G$8,3,FALSE)*15%,0) -> 0 | T551: =IF(M551=TRUE, Q551*1%,0) -> 0 | U551: =(Q551-R551-S551-T551)*V551 -> 1200 | V551: =K551*P551 -> 10
A552: 1002854 | B552: 45693 | C552: 45693 | D552: 45695 | E552: Standard | F552: 1 | G552: B | H552: 0 | I552: =H552/100 -> 0 | J552: Direct | K552: 1 | L552: Leisure | M552: FALSE | N552: Checked Out | O552: =C552-B552 -> 0 | P552: =D552-C552 -> 2 | Q552: =IF(G552="B",VLOOKUP(F552,room_rates!$A$2:$G$8,3,FALSE),IF(G552="P",VLOOKUP(F552,room_rates!$A$2:$G$8,6,FALSE),IF(G552="M",VLOOKUP(F552,room_rates!$A$2:$G$8,7,FALSE),""))) -> 120 | R552: =Q552*(H552/100) -> 0 | S552: =IF(J552="Online Travel Agency",VLOOKUP(F552,room_rates!$A$2:$G$8,3,FALSE)*15%,0) -> 0 | T552: =IF(M552=TRUE, Q552*1%,0) -> 0 | U552: =(Q552-R552-S552-T552)*V552 -> 240 | V552: =K552*P552 -> 2
A553: 1002861 | B553: 45693 | C553: 45693 | D553: 45698 | E553: Standard | F553: 2 | G553: B | H553: 0 | I553: =H553/100 -> 0 | J553: Direct | K553: 1 | L553: Leisure | M553: FALSE | N553: Checked Out | O553: =C553-B553 -> 0 | P553: =D553-C553 -> 5 | Q553: =IF(G553="B",VLOOKUP(F553,room_rates!$A$2:$G$8,3,FALSE),IF(G553="P",VLOOKUP(F553,room_rates!$A$2:$G$8,6,FALSE),IF(G553="M",VLOOKUP(F553,room_rates!$A$2:$G$8,7,FALSE),""))) -> 140 | R553: =Q553*(H553/100) -> 0 | S553: =IF(J553="Online Travel Agency",VLOOKUP(F553,room_rates!$A$2:$G$8,3,FALSE)*15%,0) -> 0 | T553: =IF(M553=TRUE, Q553*1%,0) -> 0 | U553: =(Q553-R553-S553-T553)*V553 -> 700 | V553: =K553*P553 -> 5
A554: 1005541 | B554: 45693 | C554: 45693 | D554: 45700 | E554: Standard | F554: 2 | G554: B | H554: 0 | I554: =H554/100 -> 0 | J554: Direct | K554: 2 | L554: Leisure | M554: FALSE | N554: Checked Out | O554: =C554-B554 -> 0 | P554: =D554-C554 -> 7 | Q554: =IF(G554="B",VLOOKUP(F554,room_rates!$A$2:$G$8,3,FALSE),IF(G554="P",VLOOKUP(F554,room_rates!$A$2:$G$8,6,FALSE),IF(G554="M",VLOOKUP(F554,room_rates!$A$2:$G$8,7,FALSE),""))) -> 140 | R554: =Q554*(H554/100) -> 0 | S554: =IF(J554="Online Travel Agency",VLOOKUP(F554,room_rates!$A$2:$G$8,3,FALSE)*15%,0) -> 0 | T554: =IF(M554=TRUE, Q554*1%,0) -> 0 | U554: =(Q554-R554-S554-T554)*V554 -> 1960 | V554: =K554*P554 -> 14
A555: 1006235 | B555: 45693 | C555: 45693 | D555: 45698 | E555: Standard | F555: 2 | G555: B | H555: 0 | I555: =H555/100 -> 0 | J555: Direct | K555: 2 | L555: Leisure | M555: FALSE | N555: Checked Out | O555: =C555-B555 -> 0 | P555: =D555-C555 -> 5 | Q555: =IF(G555="B",VLOOKUP(F555,room_rates!$A$2:$G$8,3,FALSE),IF(G555="P",VLOOKUP(F555,room_rates!$A$2:$G$8,6,FALSE),IF(G555="M",VLOOKUP(F555,room_rates!$A$2:$G$8,7,FALSE),""))) -> 140 | R555: =Q555*(H555/100) -> 0 | S555: =IF(J555="Online Travel Agency",VLOOKUP(F555,room_rates!$A$2:$G$8,3,FALSE)*15%,0) -> 0 | T555: =IF(M555=TRUE, Q555*1%,0) -> 0 | U555: =(Q555-R555-S555-T555)*V555 -> 1400 | V555: =K555*P555 -> 10
A556: 1002423 | B556: 45694 | C556: 45694 | D556: 45701 | E556: Suite | F556: 6 | G556: B | H556: 0 | I556: =H556/100 -> 0 | J556: Direct | K556: 2 | L556: Leisure | M556: FALSE | N556: Checked Out | O556: =C556-B556 -> 0 | P556: =D556-C556 -> 7 | Q556: =IF(G556="B",VLOOKUP(F556,room_rates!$A$2:$G$8,3,FALSE),IF(G556="P",VLOOKUP(F556,room_rates!$A$2:$G$8,6,FALSE),IF(G556="M",VLOOKUP(F556,room_rates!$A$2:$G$8,7,FALSE),""))) -> 350 | R556: =Q556*(H556/100) -> 0 | S556: =IF(J556="Online Travel Agency",VLOOKUP(F556,room_rates!$A$2:$G$8,3,FALSE)*15%,0) -> 0 | T556: =IF(M556=TRUE, Q556*1%,0) -> 0 | U556: =(Q556-R556-S556-T556)*V556 -> 4900 | V556: =K556*P556 -> 14
A557: 1002605 | B557: 45694 | C557: 45694 | D557: 45699 | E557: Deluxe | F557: 3 | G557: B | H557: 0 | I557: =H557/100 -> 0 | J557: Direct | K557: 1 | L557: Corporate | M557: FALSE | N557: Checked Out | O557: =C557-B557 -> 0 | P557: =D557-C557 -> 5 | Q557: =IF(G557="B",VLOOKUP(F557,room_rates!$A$2:$G$8,3,FALSE),IF(G557="P",VLOOKUP(F557,room_rates!$A$2:$G$8,6,FALSE),IF(G557="M",VLOOKUP(F557,room_rates!$A$2:$G$8,7,FALSE),""))) -> 220 | R557: =Q557*(H557/100) -> 0 | S557: =IF(J557="Online Travel Agency",VLOOKUP(F557,room_rates!$A$2:$G$8,3,FALSE)*15%,0) -> 0 | T557: =IF(M557=TRUE, Q557*1%,0) -> 0 | U557: =(Q557-R557-S557-T557)*V557 -> 1100 | V557: =K557*P557 -> 5
A558: 1002667 | B558: 45694 | C558: 45694 | D558: 45701 | E558: Standard | F558: 1 | G558: B | H558: 0 | I558: =H558/100 -> 0 | J558: Direct | K558: 2 | L558: Leisure | M558: FALSE | N558: Checked Out | O558: =C558-B558 -> 0 | P558: =D558-C558 -> 7 | Q558: =IF(G558="B",VLOOKUP(F558,room_rates!$A$2:$G$8,3,FALSE),IF(G558="P",VLOOKUP(F558,room_rates!$A$2:$G$8,6,FALSE),IF(G558="M",VLOOKUP(F558,room_rates!$A$2:$G$8,7,FALSE),""))) -> 120 | R558: =Q558*(H558/100) -> 0 | S558: =IF(J558="Online Travel Agency",VLOOKUP(F558,room_rates!$A$2:$G$8,3,FALSE)*15%,0) -> 0 | T558: =IF(M558=TRUE, Q558*1%,0) -> 0 | U558: =(Q558-R558-S558-T558)*V558 -> 1680 | V558: =K558*P558 -> 14
A559: 1002766 | B559: 45680 | C559: 45694 | D559: 45701 | E559: Standard | F559: 2 | G559: B | H559: 0 | I559: =H559/100 -> 0 | J559: Online Travel Agency | K559: 1 | L559: Leisure | M559: TRUE | N559: Checked Out | O559: =C559-B559 -> 14 | P559: =D559-C559 -> 7 | Q559: =IF(G559="B",VLOOKUP(F559,room_rates!$A$2:$G$8,3,FALSE),IF(G559="P",VLOOKUP(F559,room_rates!$A$2:$G$8,6,FALSE),IF(G559="M",VLOOKUP(F559,room_rates!$A$2:$G$8,7,FALSE),""))) -> 140 | R559: =Q559*(H559/100) -> 0 | S559: =IF(J559="Online Travel Agency",VLOOKUP(F559,room_rates!$A$2:$G$8,3,FALSE)*15%,0) -> 21 | T559: =IF(M559=TRUE, Q559*1%,0) -> 1.4 | U559: =(Q559-R559-S559-T559)*V559 -> 823.2 | V559: =K559*P559 -> 7
A560: 1005420 | B560: 45678 | C560: 45694 | D560: 45700 | E560: Deluxe | F560: 3 | G560: B | H560: 0 | I560: =H560/100 -> 0 | J560: Online Travel Agency | K560: 1 | L560: Leisure | M560: FALSE | N560: Checked Out | O560: =C560-B560 -> 16 | P560: =D560-C560 -> 6 | Q560: =IF(G560="B",VLOOKUP(F560,room_rates!$A$2:$G$8,3,FALSE),IF(G560="P",VLOOKUP(F560,room_rates!$A$2:$G$8,6,FALSE),IF(G560="M",VLOOKUP(F560,room_rates!$A$2:$G$8,7,FALSE),""))) -> 220 | R560: =Q560*(H560/100) -> 0 | S560: =IF(J560="Online Travel Agency",VLOOKUP(F560,room_rates!$A$2:$G$8,3,FALSE)*15%,0) -> 33 | T560: =IF(M560=TRUE, Q560*1%,0) -> 0 | U560: =(Q560-R560-S560-T560)*V560 -> 1122 | V560: =K560*P560 -> 6
... A569: 1006782 | B569: 45678 | C569: 45694 | D569: 45700 | E569: Deluxe | F569: 3 | G569: B | H569: 0 | I569: =H569/100 -> 0 | J569: Online | K569: 3 | L569: Corporate | M569: FALSE | N569: Checked Out | O569: =C569-B569 -> 16 | P569: =D569-C569 -> 6 | Q569: =IF(G569="B",VLOOKUP(F569,room_rates!$A$2:$G$8,3,FALSE),IF(G569="P",VLOOKUP(F569,room_rates!$A$2:$G$8,6,FALSE),IF(G569="M",VLOOKUP(F569,room_rates!$A$2:$G$8,7,FALSE),""))) -> 220 | R569: =Q569*(H569/100) -> 0 | S569: =IF(J569="Online Travel Agency",VLOOKUP(F569,room_rates!$A$2:$G$8,3,FALSE)*15%,0) -> 0 | T569: =IF(M569=TRUE, Q569*1%,0) -> 0 | U569: =(Q569-R569-S569-T569)*V569 -> 3960 | V569: =K569*P569 -> 18
A570: 1007053 | B570: 45678 | C570: 45694 | E570: Standard | F570: 1 | H570: 0 | J570: Online | K570: 1 | L570: Leisure | N570: Cancelled
A571: 1002286 | B571: 45691 | C571: 45695 | D571: 45701 | E571: Deluxe | F571: 5 | G571: B | H571: 0 | I571: =H571/100 -> 0 | J571: Online | K571: 2 | L571: Leisure | M571: TRUE | N571: Checked Out | O571: =C571-B571 -> 4 | P571: =D571-C571 -> 6 | Q571: =IF(G571="B",VLOOKUP(F571,room_rates!$A$2:$G$8,3,FALSE),IF(G571="P",VLOOKUP(F571,room_rates!$A$2:$G$8,6,FALSE),IF(G571="M",VLOOKUP(F571,room_rates!$A$2:$G$8,7,FALSE),""))) -> 240 | R571: =Q571*(H571/100) -> 0 | S571: =IF(J571="Online Travel Agency",VLOOKUP(F571,room_rates!$A$2:$G$8,3,FALSE)*15%,0) -> 0 | T571: =IF(M571=TRUE, Q571*1%,0) -> 2.4 | U571: =(Q571-R571-S571-T571)*V571 -> 2851.2 | V571: =K571*P571 -> 12
A572: 1002334 | B572: 45689 | C572: 45695 | D572: 45698 | E572: Deluxe | F572: 4 | G572: B | H572: 0 | I572: =H572/100 -> 0 | J572: Online | K572: 2 | L572: Leisure | M572: FALSE | N572: Checked Out | O572: =C572-B572 -> 6 | P572: =D572-C572 -> 3 | Q572: =IF(G572="B",VLOOKUP(F572,room_rates!$A$2:$G$8,3,FALSE),IF(G572="P",VLOOKUP(F572,room_rates!$A$2:$G$8,6,FALSE),IF(G572="M",VLOOKUP(F572,room_rates!$A$2:$G$8,7,FALSE),""))) -> 230 | R572: =Q572*(H572/100) -> 0 | S572: =IF(J572="Online Travel Agency",VLOOKUP(F572,room_rates!$A$2:$G$8,3,FALSE)*15%,0) -> 0 | T572: =IF(M572=TRUE, Q572*1%,0) -> 0 | U572: =(Q572-R572-S572-T572)*V572 -> 1380 | V572: =K572*P572 -> 6
A573: 1002498 | B573: 45685 | C573: 45695 | D573: 45700 | E573: Standard | F573: 2 | G573: B | H573: 0 | I573: =H573/100 -> 0 | J573: Online Travel Agency | K573: 1 | L573: Leisure | M573: FALSE | N573: Checked Out | O573: =C573-B573 -> 10 | P573: =D573-C573 -> 5 | Q573: =IF(G573="B",VLOOKUP(F573,room_rates!$A$2:$G$8,3,FALSE),IF(G573="P",VLOOKUP(F573,room_rates!$A$2:$G$8,6,FALSE),IF(G573="M",VLOOKUP(F573,room_rates!$A$2:$G$8,7,FALSE),""))) -> 140 | R573: =Q573*(H573/100) -> 0 | S573: =IF(J573="Online Travel Agency",VLOOKUP(F573,room_rates!$A$2:$G$8,3,FALSE)*15%,0) -> 21 | T573: =IF(M573=TRUE, Q573*1%,0) -> 0 | U573: =(Q573-R573-S573-T573)*V573 -> 595 | V573: =K573*P573 -> 5
A574: 1002665 | B574: 45656 | C574: 45695 | D574: 45696 | E574: Standard | F574: 2 | G574: B | H574: 0 | I574: =H574/100 -> 0 | J574: Online | K574: 2 | L574: Leisure | M574: FALSE | N574: Checked Out | O574: =C574-B574 -> 39 | P574: =D574-C574 -> 1 | Q574: =IF(G574="B",VLOOKUP(F574,room_rates!$A$2:$G$8,3,FALSE),IF(G574="P",VLOOKUP(F574,room_rates!$A$2:$G$8,6,FALSE),IF(G574="M",VLOOKUP(F574,room_rates!$A$2:$G$8,7,FALSE),""))) -> 140 | R574: =Q574*(H574/100) -> 0 | S574: =IF(J574="Online Travel Agency",VLOOKUP(F574,room_rates!$A$2:$G$8,3,FALSE)*15%,0) -> 0 | T574: =IF(M574=TRUE, Q574*1%,0) -> 0 | U574: =(Q574-R574-S574-T574)*V574 -> 280 | V574: =K574*P574 -> 2
A575: 1002705 | B575: 45683 | C575: 45695 | D575: 45698 | E575: Standard | F575: 1 | G575: B | H575: 0 | I575: =H575/100 -> 0 | J575: Online Travel Agency | K575: 1 | L575: Leisure | M575: FALSE | N575: Checked Out | O575: =C575-B575 -> 12 | P575: =D575-C575 -> 3 | Q575: =IF(G575="B",VLOOKUP(F575,room_rates!$A$2:$G$8,3,FALSE),IF(G575="P",VLOOKUP(F575,room_rates!$A$2:$G$8,6,FALSE),IF(G575="M",VLOOKUP(F575,room_rates!$A$2:$G$8,7,FALSE),""))) -> 120 | R575: =Q575*(H575/100) -> 0 | S575: =IF(J575="Online Travel Agency",VLOOKUP(F575,room_rates!$A$2:$G$8,3,FALSE)*15%,0) -> 18 | T575: =IF(M575=TRUE, Q575*1%,0) -> 0 | U575: =(Q575-R575-S575-T575)*V575 -> 306 | V575: =K575*P575 -> 3
A576: 1002715 | B576: 45685 | C576: 45695 | D576: 45702 | E576: Deluxe | F576: 5 | G576: B | H576: 0 | I576: =H576/100 -> 0 | J576: Online | K576: 1 | L576: Corporate | M576: FALSE | N576: Checked Out | O576: =C576-B576 -> 10 | P576: =D576-C576 -> 7 | Q576: =IF(G576="B",VLOOKUP(F576,room_rates!$A$2:$G$8,3,FALSE),IF(G576="P",VLOOKUP(F576,room_rates!$A$2:$G$8,6,FALSE),IF(G576="M",VLOOKUP(F576,room_rates!$A$2:$G$8,7,FALSE),""))) -> 240 | R576: =Q576*(H576/100) -> 0 | S576: =IF(J576="Online Travel Agency",VLOOKUP(F576,room_rates!$A$2:$G$8,3,FALSE)*15%,0) -> 0 | T576: =IF(M576=TRUE, Q576*1%,0) -> 0 | U576: =(Q576-R576-S576-T576)*V576 -> 1680 | V576: =K576*P576 -> 7
A577: 1002851 | B577: 45681 | C577: 45695 | D577: 45697 | E577: Suite | F577: 6 | G577: B | H577: 0 | I577: =H577/100 -> 0 | J577: Online Travel Agency | K577: 3 | L577: Corporate | M577: FALSE | N577: Checked Out | O577: =C577-B577 -> 14 | P577: =D577-C577 -> 2 | Q577: =IF(G577="B",VLOOKUP(F577,room_rates!$A$2:$G$8,3,FALSE),IF(G577="P",VLOOKUP(F577,room_rates!$A$2:$G$8,6,FALSE),IF(G577="M",VLOOKUP(F577,room_rates!$A$2:$G$8,7,FALSE),""))) -> 350 | R577: =Q577*(H577/100) -> 0 | S577: =IF(J577="Online Travel Agency",VLOOKUP(F577,room_rates!$A$2:$G$8,3,FALSE)*15%,0) -> 52.5 | T577: =IF(M577=TRUE, Q577*1%,0) -> 0 | U577: =(Q577-R577-S577-T577)*V577 -> 1785 | V577: =K577*P577 -> 6
A578: 1003013 | B578: 45695 | C578: 45695 | D578: 45699 | E578: Deluxe | F578: 3 | G578: B | H578: 0 | I578: =H578/100 -> 0 | J578: Direct | K578: 1 | L578: Leisure | M578: FALSE | N578: Checked Out | O578: =C578-B578 -> 0 | P578: =D578-C578 -> 4 | Q578: =IF(G578="B",VLOOKUP(F578,room_rates!$A$2:$G$8,3,FALSE),IF(G578="P",VLOOKUP(F578,room_rates!$A$2:$G$8,6,FALSE),IF(G578="M",VLOOKUP(F578,room_rates!$A$2:$G$8,7,FALSE),""))) -> 220 | R578: =Q578*(H578/100) -> 0 | S578: =IF(J578="Online Travel Agency",VLOOKUP(F578,room_rates!$A$2:$G$8,3,FALSE)*15%,0) -> 0 | T578: =IF(M578=TRUE, Q578*1%,0) -> 0 | U578: =(Q578-R578-S578-T578)*V578 -> 880 | V578: =K578*P578 -> 4
A579: 1005333 | B579: 45689 | C579: 45695 | D579: 45701 | E579: Deluxe | F579: 4 | G579: B | H579: 0 | I579: =H579/100 -> 0 | J579: Online Travel Agency | K579: 2 | L579: Leisure | M579: FALSE | N579: Checked Out | O579: =C579-B579 -> 6 | P579: =D579-C579 -> 6 | Q579: =IF(G579="B",VLOOKUP(F579,room_rates!$A$2:$G$8,3,FALSE),IF(G579="P",VLOOKUP(F579,room_rates!$A$2:$G$8,6,FALSE),IF(G579="M",VLOOKUP(F579,room_rates!$A$2:$G$8,7,FALSE),""))) -> 230 | R579: =Q579*(H579/100) -> 0 | S579: =IF(J579="Online Travel Agency",VLOOKUP(F579,room_rates!$A$2:$G$8,3,FALSE)*15%,0) -> 34.5 | T579: =IF(M579=TRUE, Q579*1%,0) -> 0 | U579: =(Q579-R579-S579-T579)*V579 -> 2346 | V579: =K579*P579 -> 12
A580: 1005495 | B580: 45677 | C580: 45695 | D580: 45701 | E580: Standard | F580: 2 | G580: B | H580: 0 | I580: =H580/100 -> 0 | J580: Online Travel Agency | K580: 1 | L580: Leisure | M580: FALSE | N580: Checked Out | O580: =C580-B580 -> 18 | P580: =D580-C580 -> 6 | Q580: =IF(G580="B",VLOOKUP(F580,room_rates!$A$2:$G$8,3,FALSE),IF(G580="P",VLOOKUP(F580,room_rates!$A$2:$G$8,6,FALSE),IF(G580="M",VLOOKUP(F580,room_rates!$A$2:$G$8,7,FALSE),""))) -> 140 | R580: =Q580*(H580/100) -> 0 | S580: =IF(J580="Online Travel Agency",VLOOKUP(F580,room_rates!$A$2:$G$8,3,FALSE)*15%,0) -> 21 | T580: =IF(M580=TRUE, Q580*1%,0) -> 0 | U580: =(Q580-R580-S580-T580)*V580 -> 714 | V580: =K580*P580 -> 6
A581: 1005535 | B581: 45690 | C581: 45695 | D581: 45697 | E581: Standard | F581: 1 | G581: B | H581: 0 | I581: =H581/100 -> 0 | J581: Online | K581: 1 | L581: Corporate | M581: FALSE | N581: Checked Out | O581: =C581-B581 -> 5 | P581: =D581-C581 -> 2 | Q581: =IF(G581="B",VLOOKUP(F581,room_rates!$A$2:$G$8,3,FALSE),IF(G581="P",VLOOKUP(F581,room_rates!$A$2:$G$8,6,FALSE),IF(G581="M",VLOOKUP(F581,room_rates!$A$2:$G$8,7,FALSE),""))) -> 120 | R581: =Q581*(H581/100) -> 0 | S581: =IF(J581="Online Travel Agency",VLOOKUP(F581,room_rates!$A$2:$G$8,3,FALSE)*15%,0) -> 0 | T581: =IF(M581=TRUE, Q581*1%,0) -> 0 | U581: =(Q581-R581-S581-T581)*V581 -> 240 | V581: =K581*P581 -> 2
A582: 1005736 | B582: 45654 | C582: 45695 | D582: 45699 | E582: Standard | F582: 1 | G582: B | H582: 0 | I582: =H582/100 -> 0 | J582: Online | K582: 1 | L582: Leisure | M582: FALSE | N582: Checked Out | O582: =C582-B582 -> 41 | P582: =D582-C582 -> 4 | Q582: =IF(G582="B",VLOOKUP(F582,room_rates!$A$2:$G$8,3,FALSE),IF(G582="P",VLOOKUP(F582,room_rates!$A$2:$G$8,6,FALSE),IF(G582="M",VLOOKUP(F582,room_rates!$A$2:$G$8,7,FALSE),""))) -> 120 | R582: =Q582*(H582/100) -> 0 | S582: =IF(J582="Online Travel Agency",VLOOKUP(F582,room_rates!$A$2:$G$8,3,FALSE)*15%,0) -> 0 | T582: =IF(M582=TRUE, Q582*1%,0) -> 0 | U582: =(Q582-R582-S582-T582)*V582 -> 480 | V582: =K582*P582 -> 4
... A585: 1006770 | B585: 45676 | C585: 45695 | D585: 45702 | E585: Standard | F585: 2 | G585: B | H585: 0 | I585: =H585/100 -> 0 | J585: Online | K585: 2 | L585: Leisure | M585: TRUE | N585: Checked Out | O585: =C585-B585 -> 19 | P585: =D585-C585 -> 7 | Q585: =IF(G585="B",VLOOKUP(F585,room_rates!$A$2:$G$8,3,FALSE),IF(G585="P",VLOOKUP(F585,room_rates!$A$2:$G$8,6,FALSE),IF(G585="M",VLOOKUP(F585,room_rates!$A$2:$G$8,7,FALSE),""))) -> 140 | R585: =Q585*(H585/100) -> 0 | S585: =IF(J585="Online Travel Agency",VLOOKUP(F585,room_rates!$A$2:$G$8,3,FALSE)*15%,0) -> 0 | T585: =IF(M585=TRUE, Q585*1%,0) -> 1.4 | U585: =(Q585-R585-S585-T585)*V585 -> 1940.4 | V585: =K585*P585 -> 14
A586: 1007041 | B586: 45676 | C586: 45695 | E586: Standard | F586: 1 | H586: 0 | J586: Online | K586: 3 | L586: Corporate | N586: Cancelled
A587: 1002826 | B587: 45656 | C587: 45696 | D587: 45698 | E587: Deluxe | F587: 3 | G587: B | H587: 0 | I587: =H587/100 -> 0 | J587: Online | K587: 2 | L587: Corporate | M587: FALSE | N587: Checked Out | O587: =C587-B587 -> 40 | P587: =D587-C587 -> 2 | Q587: =IF(G587="B",VLOOKUP(F587,room_rates!$A$2:$G$8,3,FALSE),IF(G587="P",VLOOKUP(F587,room_rates!$A$2:$G$8,6,FALSE),IF(G587="M",VLOOKUP(F587,room_rates!$A$2:$G$8,7,FALSE),""))) -> 220 | R587: =Q587*(H587/100) -> 0 | S587: =IF(J587="Online Travel Agency",VLOOKUP(F587,room_rates!$A$2:$G$8,3,FALSE)*15%,0) -> 0 | T587: =IF(M587=TRUE, Q587*1%,0) -> 0 | U587: =(Q587-R587-S587-T587)*V587 -> 880 | V587: =K587*P587 -> 4
A588: 1005611 | B588: 45696 | C588: 45696 | D588: 45697 | E588: Standard | F588: 1 | G588: B | H588: 0 | I588: =H588/100 -> 0 | J588: Direct | K588: 1 | L588: Corporate | M588: TRUE | N588: Checked Out | O588: =C588-B588 -> 0 | P588: =D588-C588 -> 1 | Q588: =IF(G588="B",VLOOKUP(F588,room_rates!$A$2:$G$8,3,FALSE),IF(G588="P",VLOOKUP(F588,room_rates!$A$2:$G$8,6,FALSE),IF(G588="M",VLOOKUP(F588,room_rates!$A$2:$G$8,7,FALSE),""))) -> 120 | R588: =Q588*(H588/100) -> 0 | S588: =IF(J588="Online Travel Agency",VLOOKUP(F588,room_rates!$A$2:$G$8,3,FALSE)*15%,0) -> 0 | T588: =IF(M588=TRUE, Q588*1%,0) -> 1.2 | U588: =(Q588-R588-S588-T588)*V588 -> 118.8 | V588: =K588*P588 -> 1
A589: 1005651 | B589: 45652 | C589: 45696 | D589: 45701 | E589: Standard | F589: 2 | G589: B | H589: 0 | I589: =H589/100 -> 0 | J589: Online | K589: 1 | L589: Corporate | M589: FALSE | N589: Checked Out | O589: =C589-B589 -> 44 | P589: =D589-C589 -> 5 | Q589: =IF(G589="B",VLOOKUP(F589,room_rates!$A$2:$G$8,3,FALSE),IF(G589="P",VLOOKUP(F589,room_rates!$A$2:$G$8,6,FALSE),IF(G589="M",VLOOKUP(F589,room_rates!$A$2:$G$8,7,FALSE),""))) -> 140 | R589: =Q589*(H589/100) -> 0 | S589: =IF(J589="Online Travel Agency",VLOOKUP(F589,room_rates!$A$2:$G$8,3,FALSE)*15%,0) -> 0 | T589: =IF(M589=TRUE, Q589*1%,0) -> 0 | U589: =(Q589-R589-S589-T589)*V589 -> 700 | V589: =K589*P589 -> 5
A590: 1005767 | B590: 45678 | C590: 45696 | D590: 45700 | E590: Deluxe | F590: 5 | G590: B | H590: 0 | I590: =H590/100 -> 0 | J590: Online Travel Agency | K590: 2 | L590: Leisure | M590: FALSE | N590: Checked Out | O590: =C590-B590 -> 18 | P590: =D590-C590 -> 4 | Q590: =IF(G590="B",VLOOKUP(F590,room_rates!$A$2:$G$8,3,FALSE),IF(G590="P",VLOOKUP(F590,room_rates!$A$2:$G$8,6,FALSE),IF(G590="M",VLOOKUP(F590,room_rates!$A$2:$G$8,7,FALSE),""))) -> 240 | R590: =Q590*(H590/100) -> 0 | S590: =IF(J590="Online Travel Agency",VLOOKUP(F590,room_rates!$A$2:$G$8,3,FALSE)*15%,0) -> 36 | T590: =IF(M590=TRUE, Q590*1%,0) -> 0 | U590: =(Q590-R590-S590-T590)*V590 -> 1632 | V590: =K590*P590 -> 8
A591: 1005820 | B591: 45696 | C591: 45696 | D591: 45698 | E591: Standard | F591: 2 | G591: B | H591: 0 | I591: =H591/100 -> 0 | J591: Direct | K591: 1 | L591: Corporate | M591: FALSE | N591: Checked Out | O591: =C591-B591 -> 0 | P591: =D591-C591 -> 2 | Q591: =IF(G591="B",VLOOKUP(F591,room_rates!$A$2:$G$8,3,FALSE),IF(G591="P",VLOOKUP(F591,room_rates!$A$2:$G$8,6,FALSE),IF(G591="M",VLOOKUP(F591,room_rates!$A$2:$G$8,7,FALSE),""))) -> 140 | R591: =Q591*(H591/100) -> 0 | S591: =IF(J591="Online Travel Agency",VLOOKUP(F591,room_rates!$A$2:$G$8,3,FALSE)*15%,0) -> 0 | T591: =IF(M591=TRUE, Q591*1%,0) -> 0 | U591: =(Q591-R591-S591-T591)*V591 -> 280 | V591: =K591*P591 -> 2
A592: 1005837 | B592: 45696 | C592: 45696 | D592: 45702 | E592: Deluxe | F592: 3 | G592: B | H592: 0 | I592: =H592/100 -> 0 | J592: Direct | K592: 1 | L592: Leisure | M592: TRUE | N592: Checked Out | O592: =C592-B592 -> 0 | P592: =D592-C592 -> 6 | Q592: =IF(G592="B",VLOOKUP(F592,room_rates!$A$2:$G$8,3,FALSE),IF(G592="P",VLOOKUP(F592,room_rates!$A$2:$G$8,6,FALSE),IF(G592="M",VLOOKUP(F592,room_rates!$A$2:$G$8,7,FALSE),""))) -> 220 | R592: =Q592*(H592/100) -> 0 | S592: =IF(J592="Online Travel Agency",VLOOKUP(F592,room_rates!$A$2:$G$8,3,FALSE)*15%,0) -> 0 | T592: =IF(M592=TRUE, Q592*1%,0) -> 2.2 | U592: =(Q592-R592-S592-T592)*V592 -> 1306.8 | V592: =K592*P592 -> 6
A593: 1006145 | B593: 45685 | C593: 45696 | D593: 45702 | E593: Standard | F593: 1 | G593: B | H593: 0 | I593: =H593/100 -> 0 | J593: Online | K593: 2 | L593: Corporate | M593: FALSE | N593: Checked Out | O593: =C593-B593 -> 11 | P593: =D593-C593 -> 6 | Q593: =IF(G593="B",VLOOKUP(F593,room_rates!$A$2:$G$8,3,FALSE),IF(G593="P",VLOOKUP(F593,room_rates!$A$2:$G$8,6,FALSE),IF(G593="M",VLOOKUP(F593,room_rates!$A$2:$G$8,7,FALSE),""))) -> 120 | R593: =Q593*(H593/100) -> 0 | S593: =IF(J593="Online Travel Agency",VLOOKUP(F593,room_rates!$A$2:$G$8,3,FALSE)*15%,0) -> 0 | T593: =IF(M593=TRUE, Q593*1%,0) -> 0 | U593: =(Q593-R593-S593-T593)*V593 -> 1440 | V593: =K593*P593 -> 12
A594: 1006271 | B594: 45690 | C594: 45696 | D594: 45699 | E594: Standard | F594: 2 | G594: B | H594: 0 | I594: =H594/100 -> 0 | J594: Online Travel Agency | K594: 2 | L594: Leisure | M594: TRUE | N594: Checked Out | O594: =C594-B594 -> 6 | P594: =D594-C594 -> 3 | Q594: =IF(G594="B",VLOOKUP(F594,room_rates!$A$2:$G$8,3,FALSE),IF(G594="P",VLOOKUP(F594,room_rates!$A$2:$G$8,6,FALSE),IF(G594="M",VLOOKUP(F594,room_rates!$A$2:$G$8,7,FALSE),""))) -> 140 | R594: =Q594*(H594/100) -> 0 | S594: =IF(J594="Online Travel Agency",VLOOKUP(F594,room_rates!$A$2:$G$8,3,FALSE)*15%,0) -> 21 | T594: =IF(M594=TRUE, Q594*1%,0) -> 1.4 | U594: =(Q594-R594-S594-T594)*V594 -> 705.6 | V594: =K594*P594 -> 6
A595: 1006431 | B595: 45685 | C595: 45696 | D595: 45697 | E595: Standard | F595: 1 | G595: B | H595: 0 | I595: =H595/100 -> 0 | J595: Online Travel Agency | K595: 1 | L595: Leisure | M595: FALSE | N595: Checked Out | O595: =C595-B595 -> 11 | P595: =D595-C595 -> 1 | Q595: =IF(G595="B",VLOOKUP(F595,room_rates!$A$2:$G$8,3,FALSE),IF(G595="P",VLOOKUP(F595,room_rates!$A$2:$G$8,6,FALSE),IF(G595="M",VLOOKUP(F595,room_rates!$A$2:$G$8,7,FALSE),""))) -> 120 | R595: =Q595*(H595/100) -> 0 | S595: =IF(J595="Online Travel Agency",VLOOKUP(F595,room_rates!$A$2:$G$8,3,FALSE)*15%,0) -> 18 | T595: =IF(M595=TRUE, Q595*1%,0) -> 0 | U595: =(Q595-R595-S595-T595)*V595 -> 102 | V595: =K595*P595 -> 1
A596: 1006738 | B596: 45674 | C596: 45696 | D596: 45701 | E596: Standard | F596: 2 | G596: B | H596: 0 | I596: =H596/100 -> 0 | J596: Online | K596: 1 | L596: Leisure | M596: FALSE | N596: Checked Out | O596: =C596-B596 -> 22 | P596: =D596-C596 -> 5 | Q596: =IF(G596="B",VLOOKUP(F596,room_rates!$A$2:$G$8,3,FALSE),IF(G596="P",VLOOKUP(F596,room_rates!$A$2:$G$8,6,FALSE),IF(G596="M",VLOOKUP(F596,room_rates!$A$2:$G$8,7,FALSE),""))) -> 140 | R596: =Q596*(H596/100) -> 0 | S596: =IF(J596="Online Travel Agency",VLOOKUP(F596,room_rates!$A$2:$G$8,3,FALSE)*15%,0) -> 0 | T596: =IF(M596=TRUE, Q596*1%,0) -> 0 | U596: =(Q596-R596-S596-T596)*V596 -> 700 | V596: =K596*P596 -> 5
A597: 1007010 | B597: 45674 | C597: 45696 | E597: Standard | F597: 1 | H597: 0 | J597: Online | K597: 1 | L597: Leisure | N597: Cancelled
A598: 1002175 | B598: 45689 | C598: 45697 | D598: 45701 | E598: Deluxe | F598: 3 | G598: B | H598: 0 | I598: =H598/100 -> 0 | J598: Online Travel Agency | K598: 1 | L598: Leisure | M598: FALSE | N598: Checked Out | O598: =C598-B598 -> 8 | P598: =D598-C598 -> 4 | Q598: =IF(G598="B",VLOOKUP(F598,room_rates!$A$2:$G$8,3,FALSE),IF(G598="P",VLOOKUP(F598,room_rates!$A$2:$G$8,6,FALSE),IF(G598="M",VLOOKUP(F598,room_rates!$A$2:$G$8,7,FALSE),""))) -> 220 | R598: =Q598*(H598/100) -> 0 | S598: =IF(J598="Online Travel Agency",VLOOKUP(F598,room_rates!$A$2:$G$8,3,FALSE)*15%,0) -> 33 | T598: =IF(M598=TRUE, Q598*1%,0) -> 0 | U598: =(Q598-R598-S598-T598)*V598 -> 748 | V598: =K598*P598 -> 4
A599: 1002322 | B599: 45664 | C599: 45697 | D599: 45701 | E599: Standard | F599: 2 | G599: B | H599: 0 | I599: =H599/100 -> 0 | J599: Online | K599: 1 | L599: Leisure | M599: FALSE | N599: Checked Out | O599: =C599-B599 -> 33 | P599: =D599-C599 -> 4 | Q599: =IF(G599="B",VLOOKUP(F599,room_rates!$A$2:$G$8,3,FALSE),IF(G599="P",VLOOKUP(F599,room_rates!$A$2:$G$8,6,FALSE),IF(G599="M",VLOOKUP(F599,room_rates!$A$2:$G$8,7,FALSE),""))) -> 140 | R599: =Q599*(H599/100) -> 0 | S599: =IF(J599="Online Travel Agency",VLOOKUP(F599,room_rates!$A$2:$G$8,3,FALSE)*15%,0) -> 0 | T599: =IF(M599=TRUE, Q599*1%,0) -> 0 | U599: =(Q599-R599-S599-T599)*V599 -> 560 | V599: =K599*P599 -> 4
A600: 1002428 | B600: 45691 | C600: 45697 | D600: 45698 | E600: Standard | F600: 2 | G600: B | H600: 0 | I600: =H600/100 -> 0 | J600: Online Travel Agency | K600: 3 | L600: Corporate | M600: FALSE | N600: Checked Out | O600: =C600-B600 -> 6 | P600: =D600-C600 -> 1 | Q600: =IF(G600="B",VLOOKUP(F600,room_rates!$A$2:$G$8,3,FALSE),IF(G600="P",VLOOKUP(F600,room_rates!$A$2:$G$8,6,FALSE),IF(G600="M",VLOOKUP(F600,room_rates!$A$2:$G$8,7,FALSE),""))) -> 140 | R600: =Q600*(H600/100) -> 0 | S600: =IF(J600="Online Travel Agency",VLOOKUP(F600,room_rates!$A$2:$G$8,3,FALSE)*15%,0) -> 21 | T600: =IF(M600=TRUE, Q600*1%,0) -> 0 | U600: =(Q600-R600-S600-T600)*V600 -> 357 | V600: =K600*P600 -> 3
A601: 1002670 | B601: 45692 | C601: 45697 | D601: 45699 | E601: Standard | F601: 1 | G601: B | H601: 0 | I601: =H601/100 -> 0 | J601: Online Travel Agency | K601: 2 | L601: Corporate | M601: TRUE | N601: Checked Out | O601: =C601-B601 -> 5 | P601: =D601-C601 -> 2 | Q601: =IF(G601="B",VLOOKUP(F601,room_rates!$A$2:$G$8,3,FALSE),IF(G601="P",VLOOKUP(F601,room_rates!$A$2:$G$8,6,FALSE),IF(G601="M",VLOOKUP(F601,room_rates!$A$2:$G$8,7,FALSE),""))) -> 120 | R601: =Q601*(H601/100) -> 0 | S601: =IF(J601="Online Travel Agency",VLOOKUP(F601,room_rates!$A$2:$G$8,3,FALSE)*15%,0) -> 18 | T601: =IF(M601=TRUE, Q601*1%,0) -> 1.2 | U601: =(Q601-R601-S601-T601)*V601 -> 403.2 | V601: =K601*P601 -> 4
A602: 1002732 | B602: 45685 | C602: 45697 | D602: 45700 | E602: Deluxe | F602: 3 | G602: B | H602: 0 | I602: =H602/100 -> 0 | J602: Online Travel Agency | K602: 2 | L602: Leisure | M602: TRUE | N602: Checked Out | O602: =C602-B602 -> 12 | P602: =D602-C602 -> 3 | Q602: =IF(G602="B",VLOOKUP(F602,room_rates!$A$2:$G$8,3,FALSE),IF(G602="P",VLOOKUP(F602,room_rates!$A$2:$G$8,6,FALSE),IF(G602="M",VLOOKUP(F602,room_rates!$A$2:$G$8,7,FALSE),""))) -> 220 | R602: =Q602*(H602/100) -> 0 | S602: =IF(J602="Online Travel Agency",VLOOKUP(F602,room_rates!$A$2:$G$8,3,FALSE)*15%,0) -> 33 | T602: =IF(M602=TRUE, Q602*1%,0) -> 2.2 | U602: =(Q602-R602-S602-T602)*V602 -> 1108.8 | V602: =K602*P602 -> 6
A603: 1002745 | B603: 45697 | C603: 45697 | D603: 45701 | E603: Standard | F603: 1 | G603: B | H603: 0 | I603: =H603/100 -> 0 | J603: Direct | K603: 2 | L603: Leisure | M603: FALSE | N603: Checked Out | O603: =C603-B603 -> 0 | P603: =D603-C603 -> 4 | Q603: =IF(G603="B",VLOOKUP(F603,room_rates!$A$2:$G$8,3,FALSE),IF(G603="P",VLOOKUP(F603,room_rates!$A$2:$G$8,6,FALSE),IF(G603="M",VLOOKUP(F603,room_rates!$A$2:$G$8,7,FALSE),""))) -> 120 | R603: =Q603*(H603/100) -> 0 | S603: =IF(J603="Online Travel Agency",VLOOKUP(F603,room_rates!$A$2:$G$8,3,FALSE)*15%,0) -> 0 | T603: =IF(M603=TRUE, Q603*1%,0) -> 0 | U603: =(Q603-R603-S603-T603)*V603 -> 960 | V603: =K603*P603 -> 8
A604: 1002785 | B604: 45697 | C604: 45697 | D604: 45698 | E604: Deluxe | F604: 4 | G604: B | H604: 0 | I604: =H604/100 -> 0 | J604: Direct | K604: 3 | L604: Corporate | M604: FALSE | N604: Checked Out | O604: =C604-B604 -> 0 | P604: =D604-C604 -> 1 | Q604: =IF(G604="B",VLOOKUP(F604,room_rates!$A$2:$G$8,3,FALSE),IF(G604="P",VLOOKUP(F604,room_rates!$A$2:$G$8,6,FALSE),IF(G604="M",VLOOKUP(F604,room_rates!$A$2:$G$8,7,FALSE),""))) -> 230 | R604: =Q604*(H604/100) -> 0 | S604: =IF(J604="Online Travel Agency",VLOOKUP(F604,room_rates!$A$2:$G$8,3,FALSE)*15%,0) -> 0 | T604: =IF(M604=TRUE, Q604*1%,0) -> 0 | U604: =(Q604-R604-S604-T604)*V604 -> 690 | V604: =K604*P604 -> 3
A605: 1002838 | B605: 45669 | C605: 45697 | D605: 45704 | E605: Standard | F605: 1 | G605: B | H605: 0 | I605: =H605/100 -> 0 | J605: Online | K605: 3 | L605: Corporate | M605: TRUE | N605: Checked Out | O605: =C605-B605 -> 28 | P605: =D605-C605 -> 7 | Q605: =IF(G605="B",VLOOKUP(F605,room_rates!$A$2:$G$8,3,FALSE),IF(G605="P",VLOOKUP(F605,room_rates!$A$2:$G$8,6,FALSE),IF(G605="M",VLOOKUP(F605,room_rates!$A$2:$G$8,7,FALSE),""))) -> 120 | R605: =Q605*(H605/100) -> 0 | S605: =IF(J605="Online Travel Agency",VLOOKUP(F605,room_rates!$A$2:$G$8,3,FALSE)*15%,0) -> 0 | T605: =IF(M605=TRUE, Q605*1%,0) -> 1.2 | U605: =(Q605-R605-S605-T605)*V605 -> 2494.8 | V605: =K605*P605 -> 21
A606: 1002875 | B606: 45697 | C606: 45697 | D606: 45702 | E606: Deluxe | F606: 4 | G606: B | H606: 0 | I606: =H606/100 -> 0 | J606: Direct | K606: 3 | L606: Corporate | M606: FALSE | N606: Checked Out | O606: =C606-B606 -> 0 | P606: =D606-C606 -> 5 | Q606: =IF(G606="B",VLOOKUP(F606,room_rates!$A$2:$G$8,3,FALSE),IF(G606="P",VLOOKUP(F606,room_rates!$A$2:$G$8,6,FALSE),IF(G606="M",VLOOKUP(F606,room_rates!$A$2:$G$8,7,FALSE),""))) -> 230 | R606: =Q606*(H606/100) -> 0 | S606: =IF(J606="Online Travel Agency",VLOOKUP(F606,room_rates!$A$2:$G$8,3,FALSE)*15%,0) -> 0 | T606: =IF(M606=TRUE, Q606*1%,0) -> 0 | U606: =(Q606-R606-S606-T606)*V606 -> 3450 | V606: =K606*P606 -> 15
A607: 1002907 | B607: 45697 | C607: 45697 | D607: 45699 | E607: Deluxe | F607: 3 | G607: B | H607: 0 | I607: =H607/100 -> 0 | J607: Direct | K607: 3 | L607: Corporate | M607: FALSE | N607: Checked Out | O607: =C607-B607 -> 0 | P607: =D607-C607 -> 2 | Q607: =IF(G607="B",VLOOKUP(F607,room_rates!$A$2:$G$8,3,FALSE),IF(G607="P",VLOOKUP(F607,room_rates!$A$2:$G$8,6,FALSE),IF(G607="M",VLOOKUP(F607,room_rates!$A$2:$G$8,7,FALSE),""))) -> 220 | R607: =Q607*(H607/100) -> 0 | S607: =IF(J607="Online Travel Agency",VLOOKUP(F607,room_rates!$A$2:$G$8,3,FALSE)*15%,0) -> 0 | T607: =IF(M607=TRUE, Q607*1%,0) -> 0 | U607: =(Q607-R607-S607-T607)*V607 -> 1320 | V607: =K607*P607 -> 6
A608: 1005504 | B608: 45681 | C608: 45697 | D608: 45701 | E608: Standard | F608: 2 | G608: B | H608: 0 | I608: =H608/100 -> 0 | J608: Online Travel Agency | K608: 1 | L608: Leisure | M608: FALSE | N608: Checked Out | O608: =C608-B608 -> 16 | P608: =D608-C608 -> 4 | Q608: =IF(G608="B",VLOOKUP(F608,room_rates!$A$2:$G$8,3,FALSE),IF(G608="P",VLOOKUP(F608,room_rates!$A$2:$G$8,6,FALSE),IF(G608="M",VLOOKUP(F608,room_rates!$A$2:$G$8,7,FALSE),""))) -> 140 | R608: =Q608*(H608/100) -> 0 | S608: =IF(J608="Online Travel Agency",VLOOKUP(F608,room_rates!$A$2:$G$8,3,FALSE)*15%,0) -> 21 | T608: =IF(M608=TRUE, Q608*1%,0) -> 0 | U608: =(Q608-R608-S608-T608)*V608 -> 476 | V608: =K608*P608 -> 4
A609: 1005744 | B609: 45657 | C609: 45697 | D609: 45699 | E609: Standard | F609: 1 | G609: B | H609: 0 | I609: =H609/100 -> 0 | J609: Online | K609: 1 | L609: Corporate | M609: FALSE | N609: Checked Out | O609: =C609-B609 -> 40 | P609: =D609-C609 -> 2 | Q609: =IF(G609="B",VLOOKUP(F609,room_rates!$A$2:$G$8,3,FALSE),IF(G609="P",VLOOKUP(F609,room_rates!$A$2:$G$8,6,FALSE),IF(G609="M",VLOOKUP(F609,room_rates!$A$2:$G$8,7,FALSE),""))) -> 120 | R609: =Q609*(H609/100) -> 0 | S609: =IF(J609="Online Travel Agency",VLOOKUP(F609,room_rates!$A$2:$G$8,3,FALSE)*15%,0) -> 0 | T609: =IF(M609=TRUE, Q609*1%,0) -> 0 | U609: =(Q609-R609-S609-T609)*V609 -> 240 | V609: =K609*P609 -> 2
... A618: 1006821 | B618: 45690 | C618: 45697 | D618: 45701 | E618: Standard | F618: 1 | G618: B | H618: 0 | I618: =H618/100 -> 0 | J618: Online | K618: 1 | L618: Corporate | M618: FALSE | N618: Checked Out | O618: =C618-B618 -> 7 | P618: =D618-C618 -> 4 | Q618: =IF(G618="B",VLOOKUP(F618,room_rates!$A$2:$G$8,3,FALSE),IF(G618="P",VLOOKUP(F618,room_rates!$A$2:$G$8,6,FALSE),IF(G618="M",VLOOKUP(F618,room_rates!$A$2:$G$8,7,FALSE),""))) -> 120 | R618: =Q618*(H618/100) -> 0 | S618: =IF(J618="Online Travel Agency",VLOOKUP(F618,room_rates!$A$2:$G$8,3,FALSE)*15%,0) -> 0 | T618: =IF(M618=TRUE, Q618*1%,0) -> 0 | U618: =(Q618-R618-S618-T618)*V618 -> 480 | V618: =K618*P618 -> 4
A619: 1006897 | B619: 45679 | C619: 45697 | E619: Standard | F619: 1 | H619: 0 | J619: Online | K619: 1 | L619: Leisure | N619: Cancelled
A620: 1006945 | B620: 45684 | C620: 45697 | E620: Standard | F620: 1 | H620: 0 | J620: Online | K620: 3 | L620: Corporate | N620: Cancelled
A621: 1007080 | B621: 45657 | C621: 45697 | E621: Standard | F621: 1 | H621: 0 | J621: Online | K621: 1 | L621: Leisure | N621: Cancelled
A622: 1007092 | B622: 45690 | C622: 45697 | E622: Standard | F622: 1 | H622: 0 | J622: Online | K622: 1 | L622: Leisure | N622: Cancelled
A623: 1002154 | B623: 45685 | C623: 45698 | D623: 45702 | E623: Deluxe | F623: 4 | G623: B | H623: 0 | I623: =H623/100 -> 0 | J623: Online | K623: 3 | L623: Corporate | M623: FALSE | N623: Checked Out | O623: =C623-B623 -> 13 | P623: =D623-C623 -> 4 | Q623: =IF(G623="B",VLOOKUP(F623,room_rates!$A$2:$G$8,3,FALSE),IF(G623="P",VLOOKUP(F623,room_rates!$A$2:$G$8,6,FALSE),IF(G623="M",VLOOKUP(F623,room_rates!$A$2:$G$8,7,FALSE),""))) -> 230 | R623: =Q623*(H623/100) -> 0 | S623: =IF(J623="Online Travel Agency",VLOOKUP(F623,room_rates!$A$2:$G$8,3,FALSE)*15%,0) -> 0 | T623: =IF(M623=TRUE, Q623*1%,0) -> 0 | U623: =(Q623-R623-S623-T623)*V623 -> 2760 | V623: =K623*P623 -> 12
A624: 1002294 | B624: 45684 | C624: 45698 | D624: 45704 | E624: Deluxe | F624: 5 | G624: B | H624: 0 | I624: =H624/100 -> 0 | J624: Online Travel Agency | K624: 1 | L624: Leisure | M624: FALSE | N624: Checked Out | O624: =C624-B624 -> 14 | P624: =D624-C624 -> 6 | Q624: =IF(G624="B",VLOOKUP(F624,room_rates!$A$2:$G$8,3,FALSE),IF(G624="P",VLOOKUP(F624,room_rates!$A$2:$G$8,6,FALSE),IF(G624="M",VLOOKUP(F624,room_rates!$A$2:$G$8,7,FALSE),""))) -> 240 | R624: =Q624*(H624/100) -> 0 | S624: =IF(J624="Online Travel Agency",VLOOKUP(F624,room_rates!$A$2:$G$8,3,FALSE)*15%,0) -> 36 | T624: =IF(M624=TRUE, Q624*1%,0) -> 0 | U624: =(Q624-R624-S624-T624)*V624 -> 1224 | V624: =K624*P624 -> 6
A625: 1002323 | B625: 45678 | C625: 45698 | D625: 45705 | E625: Suite | F625: 6 | G625: B | H625: 0 | I625: =H625/100 -> 0 | J625: Online Travel Agency | K625: 1 | L625: Corporate | M625: FALSE | N625: Checked Out | O625: =C625-B625 -> 20 | P625: =D625-C625 -> 7 | Q625: =IF(G625="B",VLOOKUP(F625,room_rates!$A$2:$G$8,3,FALSE),IF(G625="P",VLOOKUP(F625,room_rates!$A$2:$G$8,6,FALSE),IF(G625="M",VLOOKUP(F625,room_rates!$A$2:$G$8,7,FALSE),""))) -> 350 | R625: =Q625*(H625/100) -> 0 | S625: =IF(J625="Online Travel Agency",VLOOKUP(F625,room_rates!$A$2:$G$8,3,FALSE)*15%,0) -> 52.5 | T625: =IF(M625=TRUE, Q625*1%,0) -> 0 | U625: =(Q625-R625-S625-T625)*V625 -> 2082.5 | V625: =K625*P625 -> 7
A626: 1002399 | B626: 45698 | C626: 45698 | D626: 45700 | E626: Deluxe | F626: 5 | G626: B | H626: 0 | I626: =H626/100 -> 0 | J626: Direct | K626: 1 | L626: Leisure | M626: FALSE | N626: Checked Out | O626: =C626-B626 -> 0 | P626: =D626-C626 -> 2 | Q626: =IF(G626="B",VLOOKUP(F626,room_rates!$A$2:$G$8,3,FALSE),IF(G626="P",VLOOKUP(F626,room_rates!$A$2:$G$8,6,FALSE),IF(G626="M",VLOOKUP(F626,room_rates!$A$2:$G$8,7,FALSE),""))) -> 240 | R626: =Q626*(H626/100) -> 0 | S626: =IF(J626="Online Travel Agency",VLOOKUP(F626,room_rates!$A$2:$G$8,3,FALSE)*15%,0) -> 0 | T626: =IF(M626=TRUE, Q626*1%,0) -> 0 | U626: =(Q626-R626-S626-T626)*V626 -> 480 | V626: =K626*P626 -> 2
A627: 1002500 | B627: 45677 | C627: 45698 | D627: 45703 | E627: Standard | F627: 2 | G627: B | H627: 0 | I627: =H627/100 -> 0 | J627: Online | K627: 2 | L627: Leisure | M627: FALSE | N627: Checked Out | O627: =C627-B627 -> 21 | P627: =D627-C627 -> 5 | Q627: =IF(G627="B",VLOOKUP(F627,room_rates!$A$2:$G$8,3,FALSE),IF(G627="P",VLOOKUP(F627,room_rates!$A$2:$G$8,6,FALSE),IF(G627="M",VLOOKUP(F627,room_rates!$A$2:$G$8,7,FALSE),""))) -> 140 | R627: =Q627*(H627/100) -> 0 | S627: =IF(J627="Online Travel Agency",VLOOKUP(F627,room_rates!$A$2:$G$8,3,FALSE)*15%,0) -> 0 | T627: =IF(M627=TRUE, Q627*1%,0) -> 0 | U627: =(Q627-R627-S627-T627)*V627 -> 1400 | V627: =K627*P627 -> 10
A628: 1002506 | B628: 45675 | C628: 45698 | D628: 45700 | E628: Standard | F628: 2 | G628: B | H628: 0 | I628: =H628/100 -> 0 | J628: Online | K628: 2 | L628: Leisure | M628: FALSE | N628: Checked Out | O628: =C628-B628 -> 23 | P628: =D628-C628 -> 2 | Q628: =IF(G628="B",VLOOKUP(F628,room_rates!$A$2:$G$8,3,FALSE),IF(G628="P",VLOOKUP(F628,room_rates!$A$2:$G$8,6,FALSE),IF(G628="M",VLOOKUP(F628,room_rates!$A$2:$G$8,7,FALSE),""))) -> 140 | R628: =Q628*(H628/100) -> 0 | S628: =IF(J628="Online Travel Agency",VLOOKUP(F628,room_rates!$A$2:$G$8,3,FALSE)*15%,0) -> 0 | T628: =IF(M628=TRUE, Q628*1%,0) -> 0 | U628: =(Q628-R628-S628-T628)*V628 -> 560 | V628: =K628*P628 -> 4
A629: 1002590 | B629: 45671 | C629: 45698 | D629: 45700 | E629: Deluxe | F629: 3 | G629: B | H629: 0 | I629: =H629/100 -> 0 | J629: Online | K629: 2 | L629: Leisure | M629: FALSE | N629: Checked Out | O629: =C629-B629 -> 27 | P629: =D629-C629 -> 2 | Q629: =IF(G629="B",VLOOKUP(F629,room_rates!$A$2:$G$8,3,FALSE),IF(G629="P",VLOOKUP(F629,room_rates!$A$2:$G$8,6,FALSE),IF(G629="M",VLOOKUP(F629,room_rates!$A$2:$G$8,7,FALSE),""))) -> 220 | R629: =Q629*(H629/100) -> 0 | S629: =IF(J629="Online Travel Agency",VLOOKUP(F629,room_rates!$A$2:$G$8,3,FALSE)*15%,0) -> 0 | T629: =IF(M629=TRUE, Q629*1%,0) -> 0 | U629: =(Q629-R629-S629-T629)*V629 -> 880 | V629: =K629*P629 -> 4
A630: 1002677 | B630: 45677 | C630: 45698 | D630: 45705 | E630: Deluxe | F630: 4 | G630: B | H630: 0 | I630: =H630/100 -> 0 | J630: Online | K630: 1 | L630: Corporate | M630: FALSE | N630: Checked Out | O630: =C630-B630 -> 21 | P630: =D630-C630 -> 7 | Q630: =IF(G630="B",VLOOKUP(F630,room_rates!$A$2:$G$8,3,FALSE),IF(G630="P",VLOOKUP(F630,room_rates!$A$2:$G$8,6,FALSE),IF(G630="M",VLOOKUP(F630,room_rates!$A$2:$G$8,7,FALSE),""))) -> 230 | R630: =Q630*(H630/100) -> 0 | S630: =IF(J630="Online Travel Agency",VLOOKUP(F630,room_rates!$A$2:$G$8,3,FALSE)*15%,0) -> 0 | T630: =IF(M630=TRUE, Q630*1%,0) -> 0 | U630: =(Q630-R630-S630-T630)*V630 -> 1610 | V630: =K630*P630 -> 7
...

Sheet Date
A1: Date
A2: {=_xlfn.SEQUENCE(MAX(hotel_bookings_data!C:C)-MIN(hotel_bookings_data!C:C)+1,1,MIN(hotel_bookings_data!C:C),1)} -> 45658
A3: 45659
A4: 45660
A5: 45661
A6: 45662
A7: 45663
A8: 45664
A9: 45665
A10: 45666
A11: 45667
A12: 45668
A13: 45669
A14: 45670
... A366: 46022

Sheet ancillary_services
A1: Booking ID | B1: Ancillary Service Type | C1: Service Revenue
A2: 1004256 | B2: Dining | C2: 27
A3: 1004284 | B3: Dining | C3: 27
A4: 1004497 | B4: Spa | C4: 35
A5: 1004498 | B5: Dining | C5: 109
A6: 1004836 | B6: Event | C6: 144
A7: 1005469 | B7: Dining | C7: 61
A8: 1005491 | B8: Event | C8: 197
A9: 1005546 | B9: Dining | C9: 33
A10: 1005586 | B10: Dining | C10: 25
A11: 1005752 | B11: Dining | C11: 79
A12: 1003249 | B12: Event | C12: 140
A13: 1003616 | B13: Event | C13: 477
... A5484: 1005292 | B5484: Spa | C5484: 39

Sheet room_rates
A1: Room Type ID | B1: Room Sub-Type | C1: Base Rate | D1: Peak Season Adjustment Factor | E1: Moderate Season Adjustment Factor | F1: Peak Season Rate | G1: Moderate Season Rate
A2: 6 | B2: Junior Suite | C2: 350 | D2: 1.25 | E2: 1.1 | F2: =room_rates!$C2*room_rates!$D2 -> 437.5 | G2: =room_rates!$C2*room_rates!$E2 -> 385
A3: 3 | B3: Deluxe A | C3: 220 | D3: 1.25 | E3: 1.1 | F3: =room_rates!$C3*room_rates!$D3 -> 275 | G3: =room_rates!$C3*room_rates!$E3 -> 242
A4: 7 | B4: Luxury Suite | C4: 450 | D4: 1.25 | E4: 1.1 | F4: =room_rates!$C4*room_rates!$D4 -> 562.5 | G4: =room_rates!$C4*room_rates!$E4 -> 495
A5: 4 | B5: Deluxe Garden View | C5: 230 | D5: 1.25 | E5: 1.1 | F5: =room_rates!$C5*room_rates!$D5 -> 287.5 | G5: =room_rates!$C5*room_rates!$E5 -> 253
A6: 5 | B6: Deluxe Balcony | C6: 240 | D6: 1.25 | E6: 1.1 | F6: =room_rates!$C6*room_rates!$D6 -> 300 | G6: =room_rates!$C6*room_rates!$E6 -> 264
A7: 1 | B7: Standard Single | C7: 120 | D7: 1.25 | E7: 1.1 | F7: =room_rates!$C7*room_rates!$D7 -> 150 | G7: =room_rates!$C7*room_rates!$E7 -> 132
A8: 2 | B8: Standard Double | C8: 140 | D8: 1.25 | E8: 1.1 | F8: =room_rates!$C8*room_rates!$D8 -> 175 | G8: =room_rates!$C8*room_rates!$E8 -> 154
